,Unnamed: 0,node_id,similar_template_node,similarity
29,29,468528,84,83.44154062645711
77,77,488848,640784,86.53327094285302
78,78,518313,606730,48.97936895911872
33,33,531391,71,84.5574398643681
19,19,538771,57,58.09892877714287
1,1,626137,-99,80.37846420959993
